{"app":["/app-0222a0b5d6314a95b58d.js"],"component---src-pages-404-js":["/component---src-pages-404-js-466f19515211d391e818.js"],"component---src-pages-blog-details-js":["/component---src-pages-blog-details-js-7b34861df1e466bde271.js"],"component---src-pages-blog-js":["/component---src-pages-blog-js-967fde73e543301deb58.js"],"component---src-pages-home-2-js":["/component---src-pages-home-2-js-8c190c9b35d16e48d74e.js"],"component---src-pages-home-3-js":["/component---src-pages-home-3-js-4f2001578be2e54c014c.js"],"component---src-pages-index-js":["/component---src-pages-index-js-c7e97fdfa104e4ab50a0.js"]}