{"name":"build-javascript","namedChunkGroups":{"app":{"name":"app","assets":[{"name":"webpack-runtime-9f4f943723d0bbdc7f2d.js","size":5258},{"name":"framework-0956ea54d6cf417b15a1.js","size":140767},{"name":"app-0222a0b5d6314a95b58d.js","size":159773}],"filteredAssets":0,"assetsSize":305798,"filteredAuxiliaryAssets":3,"auxiliaryAssetsSize":891241},"component---src-pages-404-js":{"name":"component---src-pages-404-js","assets":[{"name":"component---src-pages-404-js-466f19515211d391e818.js","size":1151}],"filteredAssets":0,"assetsSize":1151,"filteredAuxiliaryAssets":1,"auxiliaryAssetsSize":2645},"component---src-pages-blog-details-js":{"name":"component---src-pages-blog-details-js","assets":[{"name":"styles.6d19bb44b32e06f4098e.css","size":445926},{"name":"ae26be181709c3f2831215fae7f03e68dcf992ae-84e077b51d8cfc26b5be.js","size":36138},{"name":"component---src-pages-blog-details-js-7b34861df1e466bde271.js","size":16139}],"filteredAssets":0,"assetsSize":498203,"filteredAuxiliaryAssets":22,"auxiliaryAssetsSize":4059758},"component---src-pages-blog-js":{"name":"component---src-pages-blog-js","assets":[{"name":"styles.6d19bb44b32e06f4098e.css","size":445926},{"name":"ae26be181709c3f2831215fae7f03e68dcf992ae-84e077b51d8cfc26b5be.js","size":36138},{"name":"component---src-pages-blog-js-967fde73e543301deb58.js","size":21796}],"filteredAssets":0,"assetsSize":503860,"filteredAuxiliaryAssets":22,"auxiliaryAssetsSize":4065961},"component---src-pages-home-2-js":{"name":"component---src-pages-home-2-js","assets":[{"name":"styles.6d19bb44b32e06f4098e.css","size":445926},{"name":"ae26be181709c3f2831215fae7f03e68dcf992ae-84e077b51d8cfc26b5be.js","size":36138},{"name":"component---src-pages-home-2-js-8c190c9b35d16e48d74e.js","size":26137}],"filteredAssets":0,"assetsSize":508201,"filteredAuxiliaryAssets":22,"auxiliaryAssetsSize":4072355},"component---src-pages-home-3-js":{"name":"component---src-pages-home-3-js","assets":[{"name":"styles.6d19bb44b32e06f4098e.css","size":445926},{"name":"ae26be181709c3f2831215fae7f03e68dcf992ae-84e077b51d8cfc26b5be.js","size":36138},{"name":"3fb3224898831153010e728e844389ced36e537d-adadd0ade31c075425c6.js","size":135196},{"name":"component---src-pages-home-3-js-4f2001578be2e54c014c.js","size":1089}],"filteredAssets":0,"assetsSize":618349,"filteredAuxiliaryAssets":23,"auxiliaryAssetsSize":4469708},"component---src-pages-index-js":{"name":"component---src-pages-index-js","assets":[{"name":"styles.6d19bb44b32e06f4098e.css","size":445926},{"name":"ae26be181709c3f2831215fae7f03e68dcf992ae-84e077b51d8cfc26b5be.js","size":36138},{"name":"3fb3224898831153010e728e844389ced36e537d-adadd0ade31c075425c6.js","size":135196},{"name":"component---src-pages-index-js-c7e97fdfa104e4ab50a0.js","size":895}],"filteredAssets":0,"assetsSize":618155,"filteredAuxiliaryAssets":23,"auxiliaryAssetsSize":4469471}},"assetsByChunkName":{"app":["webpack-runtime-9f4f943723d0bbdc7f2d.js","framework-0956ea54d6cf417b15a1.js","app-0222a0b5d6314a95b58d.js"],"component---src-pages-404-js":["component---src-pages-404-js-466f19515211d391e818.js"],"component---src-pages-blog-details-js":["styles.6d19bb44b32e06f4098e.css","ae26be181709c3f2831215fae7f03e68dcf992ae-84e077b51d8cfc26b5be.js","component---src-pages-blog-details-js-7b34861df1e466bde271.js"],"component---src-pages-blog-js":["styles.6d19bb44b32e06f4098e.css","ae26be181709c3f2831215fae7f03e68dcf992ae-84e077b51d8cfc26b5be.js","component---src-pages-blog-js-967fde73e543301deb58.js"],"component---src-pages-home-2-js":["styles.6d19bb44b32e06f4098e.css","ae26be181709c3f2831215fae7f03e68dcf992ae-84e077b51d8cfc26b5be.js","component---src-pages-home-2-js-8c190c9b35d16e48d74e.js"],"component---src-pages-home-3-js":["styles.6d19bb44b32e06f4098e.css","ae26be181709c3f2831215fae7f03e68dcf992ae-84e077b51d8cfc26b5be.js","3fb3224898831153010e728e844389ced36e537d-adadd0ade31c075425c6.js","component---src-pages-home-3-js-4f2001578be2e54c014c.js"],"component---src-pages-index-js":["styles.6d19bb44b32e06f4098e.css","ae26be181709c3f2831215fae7f03e68dcf992ae-84e077b51d8cfc26b5be.js","3fb3224898831153010e728e844389ced36e537d-adadd0ade31c075425c6.js","component---src-pages-index-js-c7e97fdfa104e4ab50a0.js"]},"childAssetsByChunkName":{}}